{"cameraMode":{"drawMode":0,"name":"Shaded","section":"Shading Mode"},"sceneLighting":false,"audioPlay":false,"sceneViewState":{"showFog":true,"showMaterialUpdate":false,"showSkybox":false,"showFlares":true,"showImageEffects":true,"showParticleSystems":true,"showVisualEffectGraphs":true,"m_FxEnabled":true},"in2DMode":false,"pivot":{"x":0.47195833921432497,"y":-0.36455240845680239,"z":0.719802737236023},"rotation":{"x":0.0571727491915226,"y":0.6813244223594666,"z":-0.05339920520782471,"w":0.7278746366500855},"size":0.9295717477798462,"orthographic":false}