{"cameraMode":{"drawMode":0,"name":"Shaded","section":"Shading Mode"},"sceneLighting":false,"audioPlay":false,"sceneViewState":{"showFog":true,"showMaterialUpdate":false,"showSkybox":false,"showFlares":true,"showImageEffects":true,"showParticleSystems":true,"showVisualEffectGraphs":true,"m_FxEnabled":true},"in2DMode":false,"pivot":{"x":-19.936508178710939,"y":0.11123298108577728,"z":-7.610860347747803},"rotation":{"x":-0.038836609572172168,"y":0.684844970703125,"z":-0.03661111369729042,"w":-0.7267496585845947},"size":0.10670855641365051,"orthographic":false}