{"cameraMode":{"drawMode":0,"name":"Shaded","section":"Shading Mode"},"sceneLighting":false,"audioPlay":false,"sceneViewState":{"showFog":true,"showMaterialUpdate":false,"showSkybox":false,"showFlares":true,"showImageEffects":true,"showParticleSystems":true,"showVisualEffectGraphs":true,"m_FxEnabled":true},"in2DMode":false,"pivot":{"x":0.11132073402404785,"y":1.1745424270629883,"z":-0.6283249258995056},"rotation":{"x":0.002156013622879982,"y":-0.6953408718109131,"z":0.0020860303193330766,"w":0.7186740636825562},"size":0.1380196213722229,"orthographic":false}