{"cameraMode":{"drawMode":0,"name":"Shaded","section":"Shading Mode"},"sceneLighting":false,"audioPlay":false,"sceneViewState":{"showFog":true,"showMaterialUpdate":false,"showSkybox":false,"showFlares":true,"showImageEffects":true,"showParticleSystems":true,"showVisualEffectGraphs":true,"m_FxEnabled":true},"in2DMode":false,"pivot":{"x":-0.6023505926132202,"y":-1.1118626594543458,"z":-153.4112091064453},"rotation":{"x":0.0005312651628628373,"y":0.9994118809700012,"z":-0.028800686821341516,"w":0.018290232867002488},"size":34.64102554321289,"orthographic":false}