{"cameraMode":{"drawMode":0,"name":"Shaded","section":"Shading Mode"},"sceneLighting":false,"audioPlay":false,"sceneViewState":{"showFog":true,"showMaterialUpdate":false,"showSkybox":false,"showFlares":true,"showImageEffects":true,"showParticleSystems":true,"showVisualEffectGraphs":true,"m_FxEnabled":true},"in2DMode":false,"pivot":{"x":0.3284803628921509,"y":0.7445464730262756,"z":-7.855200290679932},"rotation":{"x":0.014606339856982232,"y":0.6744394898414612,"z":-0.013378419913351536,"w":0.7380930185317993},"size":8.788604736328125,"orthographic":false}