{"cameraMode":{"drawMode":0,"name":"Shaded","section":"Shading Mode"},"sceneLighting":false,"audioPlay":false,"sceneViewState":{"showFog":true,"showMaterialUpdate":false,"showSkybox":false,"showFlares":true,"showImageEffects":true,"showParticleSystems":true,"showVisualEffectGraphs":true,"m_FxEnabled":true},"in2DMode":false,"pivot":{"x":0.004542425274848938,"y":-0.2851017117500305,"z":-0.6238261461257935},"rotation":{"x":-0.1257445216178894,"y":0.219534233212471,"z":-0.028570320457220079,"w":-0.9670524597167969},"size":0.7994908094406128,"orthographic":false}