{"cameraMode":{"drawMode":0,"name":"Shaded","section":"Shading Mode"},"sceneLighting":false,"audioPlay":false,"sceneViewState":{"showFog":true,"showMaterialUpdate":false,"showSkybox":false,"showFlares":true,"showImageEffects":true,"showParticleSystems":true,"showVisualEffectGraphs":true,"m_FxEnabled":true},"in2DMode":false,"pivot":{"x":0.23928026854991914,"y":0.4464876651763916,"z":-0.0892871618270874},"rotation":{"x":0.013073769398033619,"y":-0.963384747505188,"z":0.26382964849472048,"w":0.04729800298810005},"size":0.7648646831512451,"orthographic":false}