{"cameraMode":{"drawMode":0,"name":"Shaded","section":"Shading Mode"},"sceneLighting":true,"audioPlay":false,"sceneViewState":{"showFog":true,"showMaterialUpdate":false,"showSkybox":true,"showFlares":true,"showImageEffects":true,"showParticleSystems":true,"showVisualEffectGraphs":true,"m_FxEnabled":true},"in2DMode":false,"pivot":{"x":-7.3439154624938969,"y":4.0520453453063969,"z":165.1043701171875},"rotation":{"x":-0.007499767001718283,"y":-0.0015012150397524238,"z":0.000013440915608953219,"w":0.99996417760849},"size":60.62177658081055,"orthographic":false}