{"cameraMode":{"drawMode":0,"name":"Shaded","section":"Shading Mode"},"sceneLighting":true,"audioPlay":false,"sceneViewState":{"showFog":true,"showMaterialUpdate":false,"showSkybox":true,"showFlares":true,"showImageEffects":true,"showParticleSystems":true,"showVisualEffectGraphs":true,"m_FxEnabled":true},"in2DMode":false,"pivot":{"x":-20.8331356048584,"y":2.7017078399658205,"z":22.68695831298828},"rotation":{"x":0.013175074942409993,"y":0.02860594354569912,"z":0.0007840843754820526,"w":-0.9995752573013306},"size":12.12435531616211,"orthographic":false}