{"cameraMode":{"drawMode":0,"name":"Shaded","section":"Shading Mode"},"sceneLighting":false,"audioPlay":false,"sceneViewState":{"showFog":true,"showMaterialUpdate":false,"showSkybox":false,"showFlares":true,"showImageEffects":true,"showParticleSystems":true,"showVisualEffectGraphs":true,"m_FxEnabled":true},"in2DMode":false,"pivot":{"x":0.8610236048698425,"y":-0.12820036709308625,"z":0.7278359532356262},"rotation":{"x":-0.04755255952477455,"y":-0.7258597016334534,"z":0.050348639488220218,"w":-0.6844121813774109},"size":0.8943199515342712,"orthographic":false}