{"cameraMode":{"drawMode":0,"name":"Shaded","section":"Shading Mode"},"sceneLighting":false,"audioPlay":false,"sceneViewState":{"showFog":true,"showMaterialUpdate":false,"showSkybox":false,"showFlares":true,"showImageEffects":true,"showParticleSystems":true,"showVisualEffectGraphs":true,"m_FxEnabled":true},"in2DMode":false,"pivot":{"x":0.13200002908706666,"y":1.1988478899002076,"z":-15.720924377441407},"rotation":{"x":-0.004869038704782724,"y":-0.9861912727355957,"z":0.029911953955888749,"w":-0.16311155259609223},"size":0.5855712294578552,"orthographic":false}