{"cameraMode":{"drawMode":0,"name":"Shaded","section":"Shading Mode"},"sceneLighting":false,"audioPlay":false,"sceneViewState":{"showFog":true,"showMaterialUpdate":false,"showSkybox":false,"showFlares":true,"showImageEffects":true,"showParticleSystems":true,"showVisualEffectGraphs":true,"m_FxEnabled":true},"in2DMode":false,"pivot":{"x":0.015481464564800263,"y":-0.1619398146867752,"z":-0.3168695569038391},"rotation":{"x":-0.1257445216178894,"y":0.219534233212471,"z":-0.028570320457220079,"w":-0.9670524597167969},"size":0.6614583730697632,"orthographic":false}