{"cameraMode":{"drawMode":0,"name":"Shaded","section":"Shading Mode"},"sceneLighting":false,"audioPlay":false,"sceneViewState":{"showFog":true,"showMaterialUpdate":false,"showSkybox":false,"showFlares":true,"showImageEffects":true,"showParticleSystems":true,"showVisualEffectGraphs":true,"m_FxEnabled":true},"in2DMode":false,"pivot":{"x":0.019510848447680475,"y":-0.27154341340065,"z":-0.584282636642456},"rotation":{"x":0.01739315316081047,"y":0.7705585956573486,"z":-0.021049778908491136,"w":0.6367696523666382},"size":0.7145182490348816,"orthographic":false}