{"cameraMode":{"drawMode":0,"name":"Shaded","section":"Shading Mode"},"sceneLighting":false,"audioPlay":false,"sceneViewState":{"showFog":true,"showMaterialUpdate":false,"showSkybox":false,"showFlares":true,"showImageEffects":true,"showParticleSystems":true,"showVisualEffectGraphs":true,"m_FxEnabled":true},"in2DMode":false,"pivot":{"x":-2.9180846214294435,"y":2.0957672595977785,"z":-86.86412048339844},"rotation":{"x":-0.16520409286022187,"y":0.1631290465593338,"z":-0.027740484103560449,"w":-0.972290575504303},"size":0.006926875561475754,"orthographic":false}