{"cameraMode":{"drawMode":0,"name":"Shaded","section":"Shading Mode"},"sceneLighting":false,"audioPlay":false,"sceneViewState":{"showFog":true,"showMaterialUpdate":false,"showSkybox":false,"showFlares":true,"showImageEffects":true,"showParticleSystems":true,"showVisualEffectGraphs":true,"m_FxEnabled":true},"in2DMode":false,"pivot":{"x":-0.4274071753025055,"y":1.3240084648132325,"z":-16.098819732666017},"rotation":{"x":0.045683830976486209,"y":0.9397708773612976,"z":-0.13949370384216309,"w":0.30885034799575808},"size":0.7985265254974365,"orthographic":false}