{"cameraMode":{"drawMode":0,"name":"Shaded","section":"Shading Mode"},"sceneLighting":false,"audioPlay":false,"sceneViewState":{"showFog":true,"showMaterialUpdate":false,"showSkybox":false,"showFlares":true,"showImageEffects":true,"showParticleSystems":true,"showVisualEffectGraphs":true,"m_FxEnabled":true},"in2DMode":false,"pivot":{"x":-61.358341217041019,"y":105.66337585449219,"z":-171.7898712158203},"rotation":{"x":0.2052324414253235,"y":0.052232760936021808,"z":-0.01097027026116848,"w":0.9772590398788452},"size":1.8220889568328858,"orthographic":false}