{"cameraMode":{"drawMode":0,"name":"Shaded","section":"Shading Mode"},"sceneLighting":true,"audioPlay":false,"sceneViewState":{"showFog":true,"showMaterialUpdate":false,"showSkybox":true,"showFlares":true,"showImageEffects":true,"showParticleSystems":true,"showVisualEffectGraphs":true,"m_FxEnabled":true},"in2DMode":false,"pivot":{"x":-13.17263126373291,"y":16.476642608642579,"z":-30.531627655029298},"rotation":{"x":-0.00003653625390143134,"y":-0.9982064366340637,"z":-0.05996454879641533,"w":0.000591165095102042},"size":42.39516067504883,"orthographic":false}