{"cameraMode":{"drawMode":0,"name":"Shaded","section":"Shading Mode"},"sceneLighting":false,"audioPlay":false,"sceneViewState":{"showFog":true,"showMaterialUpdate":false,"showSkybox":false,"showFlares":true,"showImageEffects":true,"showParticleSystems":true,"showVisualEffectGraphs":true,"m_FxEnabled":true},"in2DMode":false,"pivot":{"x":2.4413931369781496,"y":-0.051707856357097629,"z":0.09697603434324265},"rotation":{"x":0.09682630002498627,"y":0.6973013877868652,"z":-0.0960579514503479,"w":0.7037729024887085},"size":0.8756558299064636,"orthographic":false}