{"cameraMode":{"drawMode":0,"name":"Shaded","section":"Shading Mode"},"sceneLighting":false,"audioPlay":false,"sceneViewState":{"showFog":true,"showMaterialUpdate":false,"showSkybox":false,"showFlares":true,"showImageEffects":true,"showParticleSystems":true,"showVisualEffectGraphs":true,"m_FxEnabled":true},"in2DMode":false,"pivot":{"x":-29.00644302368164,"y":-19.220205307006837,"z":-69.14836883544922},"rotation":{"x":0.0032226426992565395,"y":-0.9889273643493652,"z":0.14734208583831788,"w":0.02273852378129959},"size":34.641029357910159,"orthographic":false}