{"cameraMode":{"drawMode":0,"name":"Shaded","section":"Shading Mode"},"sceneLighting":false,"audioPlay":false,"sceneViewState":{"showFog":true,"showMaterialUpdate":false,"showSkybox":false,"showFlares":true,"showImageEffects":true,"showParticleSystems":true,"showVisualEffectGraphs":true,"m_FxEnabled":true},"in2DMode":false,"pivot":{"x":2.7465364933013918,"y":0.3925468623638153,"z":0.054496198892593387},"rotation":{"x":-0.07298832386732102,"y":-0.8544797897338867,"z":0.1256418526172638,"w":-0.4988812208175659},"size":0.5858697295188904,"orthographic":false}