{"cameraMode":{"drawMode":0,"name":"Shaded","section":"Shading Mode"},"sceneLighting":false,"audioPlay":false,"sceneViewState":{"showFog":true,"showMaterialUpdate":false,"showSkybox":false,"showFlares":true,"showImageEffects":true,"showParticleSystems":true,"showVisualEffectGraphs":true,"m_FxEnabled":true},"in2DMode":false,"pivot":{"x":-0.5724805593490601,"y":1.4628100395202637,"z":-16.586885452270509},"rotation":{"x":0.042404256761074069,"y":0.7089831233024597,"z":-0.04283430427312851,"w":0.7026798725128174},"size":0.6511073112487793,"orthographic":false}