{"cameraMode":{"drawMode":0,"name":"Shaded","section":"Shading Mode"},"sceneLighting":false,"audioPlay":false,"sceneViewState":{"showFog":true,"showMaterialUpdate":false,"showSkybox":false,"showFlares":true,"showImageEffects":true,"showParticleSystems":true,"showVisualEffectGraphs":true,"m_FxEnabled":true},"in2DMode":false,"pivot":{"x":0.04554266482591629,"y":-0.03626362234354019,"z":-1.3898483514785767},"rotation":{"x":-0.0520528145134449,"y":0.1652383655309677,"z":-0.008756782859563828,"w":-0.9848432540893555},"size":0.025659026578068734,"orthographic":false}