{"cameraMode":{"drawMode":0,"name":"Shaded","section":"Shading Mode"},"sceneLighting":false,"audioPlay":false,"sceneViewState":{"showFog":true,"showMaterialUpdate":false,"showSkybox":false,"showFlares":true,"showImageEffects":true,"showParticleSystems":true,"showVisualEffectGraphs":true,"m_FxEnabled":true},"in2DMode":false,"pivot":{"x":-0.09159692376852036,"y":-0.001790454494766891,"z":0.029435550794005395},"rotation":{"x":-0.09168853610754013,"y":-0.7043546438217163,"z":0.09278155863285065,"w":-0.6978323459625244},"size":0.06310711801052094,"orthographic":false}